contact,latitude,longitude,area,rent,competitors,exposure,population
ilona97@vass.biz,47.52551486608682,19.03282313093011,614,296000,4,0.43628975395256353,1092
kovacsjazmin@gmail.com,47.524492660992046,19.016471051675733,390,353000,6,0.42741980457224876,520
juhaszistvan@meszaros.org,47.538948585952824,19.023606287577163,417,344000,0,0.4002393348404425,708
hfeher@varga.hu,47.52581093607993,19.035229882006515,658,330000,1,0.49141125386904105,1005
tamas22@hotmail.com,47.563559973581214,19.032613443753444,797,160000,3,0.42209413230385684,1041
dnemeth@gmail.com,47.54776638717156,19.02642819281134,467,249000,0,0.3916226877017411,631
mariahorvath@yahoo.com,47.56424196533442,19.027651866594166,622,286000,6,0.49410926558139096,659
akocsis@voros.biz,47.560355513234875,19.02573377390246,442,186000,0,0.5920264723576188,621
csilla83@balazs.hu,47.53878590539583,19.026242995416695,832,296000,5,0.5428421029360765,1008
gyorgyhorvath@hotmail.com,47.54237735563365,19.038063251419622,633,230000,1,0.416823898912543,581
gszabi@yahoo.com,47.55129783811577,19.030314769797975,777,331000,0,0.358769433180785,688
laszli39@takacs.com,47.56153576295607,19.031297779607915,548,214000,4,0.5596419949686393,580
bencebalogh@sipos.com,47.56523245695361,19.02070756363672,468,288000,0,0.3795968856875077,906
istvan94@major.org,47.55838317511076,19.019523995781274,843,396000,2,0.45265101874294483,527
kelemendira@yahoo.com,47.52834209097124,19.026595517841926,362,160000,5,0.42710121024518505,182
pmeszaros@yahoo.com,47.553857186431145,19.03539405837941,610,351000,4,0.5808083323787766,591
horvathbela@lakatos.com,47.541880988213315,19.034519495657616,608,191000,1,0.5555169334859937,1094
anna77@kiraly.info,47.56194253616675,19.025861732048934,844,210000,6,0.5535433348676426,633
ervin11@kovacs.hu,47.518328520022614,19.020689780602908,719,279000,6,0.49814344006508837,402
szucsagnes@hotmail.com,47.540339380222434,19.032701896931606,757,396000,2,0.5547800901334812,705
jenopapp@hotmail.com,47.556253806240896,19.02344253969566,550,385000,5,0.43940769471465035,132
wlakatos@hotmail.com,47.547831543974084,19.02792120797795,707,375000,3,0.5155530425337058,638
farkaspetra@szabi.com,47.55991856782708,19.029575732686286,732,163000,1,0.621975216751002,582
akos65@horvath.net,47.54470592810858,19.020659805013626,714,373000,3,0.6022851728915821,226
feherjanos@gmail.com,47.5511887031857,19.037110641725818,476,169000,1,0.6067040817433045,560
cbognar@faragi.info,47.532405099444624,19.034117858073067,536,346000,2,0.5009876143223073,583
zsanett89@nagy.biz,47.52297817413976,19.033663872812518,751,256000,1,0.45358906541912136,1033
lvoros@hotmail.com,47.55162117245935,19.0235683887903,535,396000,1,0.6450430458880574,404
vargajanos@kiraly.org,47.5261127347023,19.0255145619799,577,183000,1,0.4701623228699098,873
ttith@kis.com.hu,47.52265518882648,19.030926952115006,816,264000,5,0.4889026304861278,85
ballapeter@yahoo.com,47.551372503403776,19.03588707290603,360,334000,2,0.6366352928928187,466
klarafarkas@gmail.com,47.53819851945167,19.030206154775062,525,151000,1,0.42702203822220264,535
balazszoltan@hegedus.com.hu,47.54056908844062,19.02339830108683,770,178000,5,0.39369532422366943,1066
ferencracz@kis.org,47.54380988478746,19.033991567508867,617,161000,3,0.6398584662155905,751
bognartibor@hotmail.com,47.5235609373598,19.036213840211964,489,177000,6,0.36768162305893604,499
maria92@fekete.com.hu,47.51510963281098,19.02854862388783,707,192000,3,0.41951719603626336,879
vargamaria@varga.org,47.54582075083198,19.03045422867306,616,158000,4,0.3924980763003906,80
nikolett39@gmail.com,47.52875409295988,19.02943362915363,704,184000,4,0.42478211892397844,977
molnarlaszli@hotmail.com,47.561518928834566,19.024609809660664,723,372000,3,0.4372442182594137,492
lengyelerzsebet@gmail.com,47.531133683205816,19.034994269754208,426,191000,6,0.4027732253525195,393
akoskovacs@bodnar.info,47.5580279204821,19.0180870626573,601,376000,1,0.5702260332766474,152
eszterbalog@gmail.com,47.53899726006225,19.02958153092735,692,194000,2,0.5324855347317361,336
erzsebetsimon@hotmail.com,47.53560891502137,19.035562563188062,700,206000,4,0.5713141349728906,199
ifeher@gmail.com,47.56484493361417,19.03759035480583,815,273000,1,0.5960684174539513,281
agnespapp@pasztor.hu,47.55177669408723,19.028973492473323,556,387000,5,0.4313002137596543,924
kovacsanna@kerekes.biz,47.53301391317501,19.017036512624937,771,272000,5,0.37825722199218453,246
istvan09@orsis.biz,47.53336321250016,19.03186482126468,724,332000,6,0.4479405075371097,134
fuloptamas@hotmail.com,47.51941796484075,19.01979149732272,612,293000,6,0.4371682629026384,169
editszabi@gmail.com,47.55095874889396,19.027566440025357,429,264000,4,0.36928504280343794,884
maria01@yahoo.com,47.54568799642209,19.02872894171847,437,334000,0,0.5167057689274757,381
marta94@hegedus.net,47.52084036118984,19.03803676867878,775,281000,3,0.5106491767633514,505
gabor96@gmail.com,47.55523114203578,19.035893855442872,772,272000,4,0.48162237097132155,665
fodoreszter@hotmail.com,47.53572621874578,19.023821244605617,667,323000,2,0.420822258304206,675
ilona66@horvath.com,47.51608598986129,19.0376159764925,655,293000,5,0.4588583437288113,539
gkovacs@gmail.com,47.55378217650272,19.03691894009644,385,160000,6,0.557765038334312,433
vbalazs@yahoo.com,47.53249879654467,19.03348478240265,726,195000,0,0.4316300954328703,498
rbalint@tith.com,47.538111182380774,19.03037118305419,506,263000,5,0.597697641344868,339
ildikinagy@nagy.hu,47.53553331819354,19.024320951073793,390,180000,4,0.5479950150079678,863
hkovacs@gmail.com,47.51562320977699,19.023056403531697,632,157000,4,0.3855302255602312,675
adriennszucs@yahoo.com,47.545604909725576,19.030985659699116,505,170000,4,0.5965598568203571,923
horvathkatalin@horvath.biz,47.55825714170537,19.027552109822214,569,376000,1,0.4523814462193186,229
djakab@biri.net,47.527067707114526,19.019714126343544,685,310000,4,0.4668754264615882,343
ilonapapp@gmail.com,47.564429222538024,19.035621175532288,801,362000,2,0.40233471359094636,949
zoltanfulop@varga.com,47.54055389685511,19.034089046966013,748,231000,3,0.5852011268734038,441
bela14@kerekes.com.hu,47.562846040462674,19.01852361548562,381,388000,0,0.427307648271479,483
raczkatalin@balog.com,47.56615429015863,19.025885356218044,413,344000,6,0.6005104444603531,96
peter45@racz.hu,47.563218728072556,19.025595174026424,835,288000,2,0.5474274366364733,1099
vargazsolt@nagy.hu,47.547342209246246,19.021471942457268,575,204000,3,0.4747988943520415,910
balazs34@hotmail.com,47.55776905884373,19.0214358310958,603,231000,4,0.4529973794070055,648
pasztorjizsef@meszaros.hu,47.536998493635274,19.031011780326363,532,233000,4,0.38491851746103956,347
nagyfanni@molnar.info,47.5334800632158,19.02158273847996,693,259000,6,0.41765350194906137,275
laszlimolnar@hotmail.com,47.56609072405667,19.02714401213254,452,327000,3,0.5987036978564351,258
szabierzsebet@hotmail.com,47.54580813286392,19.028945033003932,436,254000,5,0.4492992557714432,872
jolantith@varadi.hu,47.53607330100299,19.03619672491958,712,354000,2,0.4245317749399362,804
jszabi@novak.com.hu,47.51592255360974,19.027658921376325,445,159000,2,0.6440508306517553,914
bernadettkovacs@bogdan.biz,47.51622264593208,19.017795807773265,458,280000,2,0.6153425034966944,475
petertakacs@olah.org,47.53489929397721,19.034679757307426,492,190000,5,0.5000551368615869,530
magdolnaracz@virag.net,47.53899173233603,19.022756816651892,653,244000,5,0.6182227425370346,653
attiladudas@yahoo.com,47.54953666839099,19.019715180554062,470,215000,2,0.6350809860062878,244
aniki76@balazs.biz,47.54572733894906,19.019870709788638,748,306000,5,0.5317983176551555,708
beatrix02@kovacs.hu,47.565059968968754,19.02609819398903,481,245000,1,0.5245639273465142,710
obalogh@szabi.com,47.52788642955054,19.02646418993726,834,266000,1,0.5971780126399178,747
viktiriagulyas@orsis.hu,47.56292365560462,19.02455791200528,569,185000,3,0.5070202363465625,644
olahroland@yahoo.com,47.5509577386338,19.0365447286705,522,311000,2,0.5957272255110736,661
spapp@hotmail.com,47.53104102004527,19.01716641888022,391,283000,0,0.3513434902363643,718
asipos@molnar.hu,47.54439114649841,19.02527113422083,747,378000,2,0.4570169441780062,358
zsolt57@yahoo.com,47.553655607740254,19.020936918787736,390,285000,4,0.5825469414244593,442
csaba36@hotmail.com,47.55707199365994,19.019354019068565,382,249000,2,0.3889509161542772,695
margitszabi@pap.org,47.53786227373989,19.035006828424304,359,309000,3,0.3871438663633096,595
farkaseva@gmail.com,47.54992882523631,19.032398954265414,819,393000,3,0.4838152792465248,250
laszli78@balogh.org,47.53828341783437,19.037639772797842,832,352000,1,0.6475743982558916,611
osimon@yahoo.com,47.53890347360571,19.024037591025817,383,296000,0,0.591388791251233,348
margitnemeth@gmail.com,47.530887778653614,19.018426185054334,610,287000,1,0.44386371456707,472
krisztina06@fekete.org,47.52676493870679,19.026486442361133,807,312000,3,0.6243987961914494,347
szekeresimre@hotmail.com,47.55823639382243,19.02246751168658,358,344000,5,0.4350921761712323,619
sandorhorvath@hotmail.com,47.5227747543639,19.029863219457667,611,289000,6,0.4760099767561704,898
kissmartin@yahoo.com,47.54598163842648,19.018448191345254,675,310000,5,0.38222260166473154,512
szabizoltan@yahoo.com,47.522716773520486,19.03420646947606,625,320000,1,0.5061566870597828,505
nfabian@yahoo.com,47.52477350714205,19.036484835324153,535,361000,3,0.4922989635903984,170
timeanemeth@yahoo.com,47.556998414470584,19.01975616397305,424,322000,2,0.41135952738343984,226
nemethluca@gmail.com,47.55780682806697,19.031280372288773,526,281000,5,0.4868179762252034,651
bertalanolah@szekeres.net,47.53544492089901,19.0188618631863,847,171000,2,0.5257683059945786,108
zsomborlakatos@hotmail.com,47.55245177046906,19.01818334978333,454,213000,2,0.4628181408688764,583
danielnagy@molnar.biz,47.531737604667256,19.023764845428097,562,172000,6,0.4248528664454615,918
kelemenzsuzsanna@szabi.hu,47.51687803172055,19.033842121011833,372,326000,1,0.4436552758671927,341
endre02@nemeth.info,47.520268608000286,19.037172839563183,654,352000,6,0.49588897535867105,783
snemeth@tith.info,47.56026174285091,19.030851123184288,483,221000,2,0.4287405470315138,247
maria02@molnar.com,47.55787524828262,19.025212778685553,510,338000,5,0.5104796596364743,141
tithagnes@szabi.biz,47.53335086316668,19.037904579854352,836,338000,1,0.3540123204794846,797
qnovak@szabi.info,47.5388024270582,19.032406795424723,821,314000,2,0.6313794793691125,827
laszlikiss@kovacs.com,47.52017390550071,19.025876447562553,726,197000,3,0.5712288459156657,467
agaspar@pal.biz,47.55728870773273,19.019879505146594,636,165000,4,0.354406962071404,166
nagyjulianna@varga.net,47.52988123090416,19.02476636496402,713,240000,5,0.4281917993652132,751
tithtamas@yahoo.com,47.53960350764994,19.020344334717503,708,225000,2,0.4693536370394378,416
wkiss@takacs.net,47.564508428373735,19.03519388378332,631,180000,3,0.5416929385559092,473
yvarga@balogh.biz,47.53673993618183,19.03059175078723,540,239000,4,0.41488275450305123,536
rszabi@szabi.org,47.54586583364773,19.03169503540183,639,382000,0,0.6103792773503292,554
maria75@orosz.info,47.55903571607515,19.03643245423792,489,195000,2,0.5798095032168025,115
zhorvath@szabi.hu,47.52789109863942,19.019917578832192,431,321000,5,0.6462606363479021,863
eva53@gmail.com,47.55782185362369,19.021943949063743,808,360000,3,0.448391819852434,275
feherzsolt@molnar.info,47.52414490616822,19.01946111657512,390,302000,2,0.49746890328255505,877
kovacserik@yahoo.com,47.53366884204238,19.017178789690526,592,389000,6,0.40900506443785456,146
hkatona@yahoo.com,47.56118809910857,19.033448825190508,570,368000,0,0.3624613382590525,761
jkocsis@hotmail.com,47.544045347251995,19.031000627401113,468,176000,1,0.6454382837314421,642
riza37@hotmail.com,47.527819222441906,19.026328805774085,504,364000,3,0.3957864357826138,361
laszliszabi@boros.net,47.5192642911213,19.025132891025343,546,214000,4,0.5599706391998783,522
imeszaros@gmail.com,47.52307807875837,19.036165414322124,584,211000,4,0.3829302785407685,511
ilonatorok@kovacs.org,47.55030780049158,19.03389003105843,449,324000,2,0.6344602238760959,1004
budaiantal@gmail.com,47.53691547409522,19.027215824638304,623,175000,0,0.5563456741457251,511
upinter@hotmail.com,47.5568322384193,19.029658499524583,588,369000,1,0.3948206331522374,887
lbalogh@kelemen.info,47.55672284458701,19.026434732154932,811,179000,4,0.3825264232675937,491
davidszabi@szabi.hu,47.52276386224696,19.033738548648525,460,243000,2,0.4563046474989243,872
diratith@nagy.org,47.552656238085035,19.032275897088986,454,206000,1,0.5712161178895808,299
knemeth@kiraly.net,47.534872274467844,19.02782673462266,575,373000,4,0.6346502587969781,1026
htith@hotmail.com,47.5645742253115,19.019109802554556,540,266000,4,0.6149304615250477,773
zkiss@hotmail.com,47.54707542743207,19.02689411936567,465,276000,5,0.533180334663206,1056
horvathkrisztina@gmail.com,47.52470621450747,19.037554453231905,542,213000,1,0.6318847221167181,1047
kovacsferenc@gal.org,47.52711243598498,19.028111274684676,528,267000,0,0.46756929176258333,810
oszabi@kovacs.org,47.55240009211444,19.025887290247216,777,387000,1,0.49351771321139526,736
bpeter@hotmail.com,47.56107599857372,19.038056670979593,492,201000,2,0.522156147862313,286
zsolttith@nemeth.biz,47.54588796948483,19.016456799443965,682,220000,6,0.48375548068355045,123
attila26@hotmail.com,47.56223576418733,19.02406251995748,720,396000,3,0.35856132068555047,591
lajoslakatos@yahoo.com,47.52382543821289,19.024920317831963,508,310000,3,0.575876525480916,1018
horvathjizsef@yahoo.com,47.557710111828136,19.02430926139761,409,398000,3,0.51533016252913,1026
tiborsarkozi@gmail.com,47.55542574896287,19.02083503151592,736,373000,4,0.5195891587980195,965
csimon@bodnar.hu,47.51873168356525,19.029208008084094,524,288000,2,0.5118740784269971,510
ilona81@nagy.hu,47.55127956918818,19.035929351684466,791,207000,4,0.4370569670941984,366
bogdanaranka@horvath.hu,47.550493146628135,19.03004656528949,793,295000,3,0.4748582855703877,775
janoskovacs@hotmail.com,47.55039104303749,19.03236197203461,568,355000,3,0.5050202985114419,430
reka68@katona.org,47.538841945667514,19.020135095215583,673,363000,1,0.42857698799364796,472
szabiistvan@jakab.info,47.54070847170005,19.02724251821518,411,186000,5,0.5103982430171273,906
piroska59@gmail.com,47.51593849134565,19.024739236771527,781,286000,4,0.3560075994364642,964
kovacstimea@yahoo.com,47.52371388776497,19.028677253835543,458,337000,3,0.39122557054698076,402
molnartibor@papp.com.hu,47.54278379503022,19.020976183128344,754,374000,2,0.5753336687913682,351
nbalog@gmail.com,47.538891747218294,19.031042744423424,479,317000,3,0.5081588177006298,1067
nagyrizsa@mate.com.hu,47.5304696983236,19.03260978577208,760,331000,2,0.4119671361427528,539
vargaaranka@tith.com,47.526095538476355,19.034452946470424,665,155000,4,0.4315748981699097,244
csaba45@kovacs.info,47.51938663307096,19.028643868269885,648,330000,5,0.5003294307873283,984
fodorerika@yahoo.com,47.56077217723935,19.025602680767896,371,214000,3,0.5228266757006161,249
reka70@horvath.hu,47.54205259060038,19.029579188863185,753,243000,5,0.5453732916926975,659
etorok@kocsis.com,47.55761877448078,19.020485330911843,455,360000,6,0.5878908786722812,638
tithistvan@yahoo.com,47.54180976384701,19.033340408122676,681,278000,4,0.4669105240779144,867
rebekatakacs@hotmail.com,47.52015861665668,19.02861685096835,506,328000,6,0.4196632144223611,476
zsolt84@yahoo.com,47.54952561934009,19.033612143404234,691,220000,0,0.6245042270046923,583
mihalynagy@kocsis.hu,47.52218285369173,19.017513608350427,396,350000,3,0.4113426824924698,689
melindamolnar@orsis.com,47.52325538720144,19.03315141311063,591,250000,2,0.5791024968702883,618
molnardaniel@pasztor.hu,47.54807783159262,19.033360469510534,843,165000,6,0.41708474164720366,789
ckelemen@yahoo.com,47.54831262403971,19.03460933680529,733,282000,5,0.4131261023619518,135
erzsebetnagy@varga.net,47.54091086788206,19.025596771954937,687,381000,3,0.3839281581083193,406
kristiffekete@hotmail.com,47.55955416640501,19.026897323734087,443,248000,0,0.35882747456031994,1017
marton97@hotmail.com,47.53428670438838,19.018091961877882,835,277000,4,0.3815967253360622,378
mtakacs@yahoo.com,47.53713885302105,19.025402907292772,612,299000,5,0.4982157557501473,979
tereziavarga@yahoo.com,47.54161876717444,19.027752858901138,728,214000,6,0.3789170649053306,1083
tamas99@gmail.com,47.528039897294164,19.026546357625467,820,387000,6,0.4491791128942153,114
kristifantal@fulop.org,47.54604892808427,19.027291874241,360,156000,1,0.5688558965193312,280
cnagy@gmail.com,47.556359102330056,19.03044735867844,628,221000,4,0.36021938864824143,1035
szabiimre@farkas.net,47.549739407507346,19.018478353053197,493,362000,1,0.5234166223466584,714
bboros@hotmail.com,47.55513881405253,19.028175712504765,376,316000,0,0.40924892106087246,550
jizsefnagy@nemeth.org,47.547217975427735,19.021879407940986,416,342000,4,0.4724226464702582,140
laszliszabi@bodnar.biz,47.55005338809579,19.032951873284222,366,377000,5,0.64023357876206,1042
attilatith@hotmail.com,47.56158447207543,19.02162978861561,625,361000,4,0.3552945634490249,514
kocsiserika@yahoo.com,47.52481978078761,19.03257731034386,449,348000,4,0.6272158340329536,840
khorvath@vincze.hu,47.54809597548367,19.027994880581275,518,187000,5,0.5668012387529889,752
mariameszaros@kiss.com,47.5326399187703,19.025056062342625,607,353000,3,0.4908150022917419,618
ilakatos@gmail.com,47.52536791907068,19.01770494383664,405,213000,0,0.38295410726444523,172
molnarpeter@gmail.com,47.52060113633313,19.022375712195068,737,207000,2,0.41326917666294616,139
nemethkaroly@hotmail.com,47.53233567566792,19.017674416921235,785,391000,6,0.6191960131768919,759
zpinter@hotmail.com,47.54858730900421,19.017789605985634,392,185000,6,0.5694929336463644,1013
dianajuhasz@hotmail.com,47.5342810246013,19.033324066077054,470,180000,1,0.40859240622173004,617
rozalia90@kiraly.biz,47.54579160594213,19.026136356083033,809,320000,1,0.578009378100043,251
orbanmagdolna@hotmail.com,47.530628678138925,19.025830298532245,530,289000,3,0.5205570449728782,267
horvathilona@hotmail.com,47.53427366892154,19.023232887830357,751,296000,4,0.540124861272518,956
kingakovacs@balazs.com.hu,47.55939818962961,19.01894335578635,588,188000,1,0.5429413617689843,361
nagyzsombor@tith.org,47.55491235471535,19.038038995375704,798,200000,0,0.47592744996288705,1098
bkovacs@varga.org,47.53348734746127,19.016376988600655,392,199000,0,0.4224016356592743,508
roland01@gal.com,47.554070364437095,19.037777661162327,746,376000,2,0.5256219104917313,687
ferenctamas@gmail.com,47.544887783660975,19.017740104468096,707,236000,4,0.5261076984134472,109
baloghsandor@szabi.com,47.5500681170927,19.028804549993072,501,353000,2,0.6471758351614956,824
esztertith@fodor.com,47.52668982758062,19.037628513148785,365,383000,0,0.370277045129395,772
gabor54@kelemen.net,47.55827645813567,19.035649271504386,616,237000,3,0.3710715869168829,465
molnarandras@kovacs.com.hu,47.553377580772064,19.02360402910123,446,268000,1,0.5378984384348278,836
imre05@tith.biz,47.56525488425248,19.03132610015256,839,239000,1,0.4006460515422867,417
bernadettfarkas@kovacs.org,47.53132873789458,19.02093656705522,576,354000,3,0.573687070417857,860
ferenckis@hotmail.com,47.53578477592929,19.032129917562752,683,321000,0,0.4422776409798476,881
farkaslaura@hotmail.com,47.515718210579145,19.033948590657463,589,270000,4,0.5565562826839014,593
bhegedus@hotmail.com,47.5269031510651,19.019098803234588,375,154000,0,0.48967425684403887,337
lmeszaros@hotmail.com,47.55405635137799,19.018275332822824,489,263000,2,0.41786786525550806,1097
bmarton@yahoo.com,47.552559519739994,19.03606849997016,372,293000,3,0.4204796019659011,990
noel56@jakab.net,47.556836272555685,19.0277235262667,498,176000,2,0.48126071805278225,260
ynemeth@szilagyi.info,47.53798481303826,19.01986698026825,721,254000,0,0.4484307580625912,794
irenkovacs@gmail.com,47.54211743936284,19.027895246650704,830,383000,4,0.5498930171957783,376
ilona68@yahoo.com,47.51902227186021,19.02491654905149,490,300000,6,0.5145512317396739,102
jizsef23@hotmail.com,47.52058902341149,19.03780006178425,688,387000,5,0.4806617243260498,575
janospapp@tith.org,47.54802746168719,19.027060652791068,800,246000,5,0.4059607541948263,387
ynagy@hotmail.com,47.54553485554113,19.02289014804291,453,390000,2,0.4593562707190754,838
fpapp@nagy.com,47.55576369593181,19.030945337299833,565,224000,3,0.3673094387049007,910
minika55@hotmail.com,47.5424418703979,19.02649733079218,792,359000,2,0.3918592322223695,774
erikakovacs@kiraly.biz,47.51770800616649,19.025821561602026,733,255000,4,0.5541412848426909,880
gabriellaszilagyi@gmail.com,47.56242312173789,19.021711252413635,527,390000,4,0.4189208688702429,941
kalman15@gmail.com,47.5389879443876,19.027964581621678,746,251000,1,0.4145992383232854,776
ilonajuhasz@hotmail.com,47.51952136205927,19.024985756613823,716,261000,4,0.4611819703083993,789
nagyimre@yahoo.com,47.5555843153909,19.021898532214568,634,263000,6,0.574200528637145,239
jorsis@gmail.com,47.557716535902735,19.030363896203873,652,182000,1,0.38588394496724865,735
erzsebet40@hotmail.com,47.5386221854277,19.02425134564416,432,249000,1,0.6147896759148592,924
evabogdan@yahoo.com,47.53503621488716,19.036206152715007,651,261000,3,0.41326754185239856,850
takacsjozsef@gmail.com,47.549888677354396,19.03099617950687,838,248000,1,0.6256016493555914,664
riza18@gmail.com,47.54325864262056,19.031632394177755,824,283000,4,0.5784740099464759,365
zhorvath@hotmail.com,47.564872512695345,19.02414123090408,693,168000,2,0.4081117701555683,931
marton10@gulyas.info,47.54545611271639,19.035241453555876,658,278000,2,0.5310530570495927,387
ribert33@hotmail.com,47.56464805088631,19.028747019159102,619,320000,2,0.5856599052669758,81
erika42@szilagyi.org,47.55637579798645,19.022666080426266,846,297000,4,0.47664057497671664,171
szabizsolt@yahoo.com,47.54820796698389,19.033043466602667,418,331000,2,0.38621202577643077,242
farkasbalint@horvath.com.hu,47.533408624106926,19.02577787602387,417,186000,5,0.4471548545498061,552
balazsszabi@gmail.com,47.52153398366648,19.02959211523699,454,211000,2,0.6355953359056821,514
sszabi@szalai.com.hu,47.56093692100365,19.028497616405446,839,284000,5,0.4897711855529011,985
gergelynagy@barna.org,47.543801555214856,19.02287059392088,494,303000,0,0.4436018270911919,363
maria23@yahoo.com,47.55186728454131,19.03009584186084,376,167000,0,0.5547963955174311,98
szabitimea@horvath.info,47.51657714137423,19.026857621710512,702,329000,4,0.581422660466985,474
tithjeno@deak.com.hu,47.562788579508656,19.0311101460461,540,236000,3,0.363385194346785,1096
viragkiss@molnar.info,47.52714120839611,19.017680107855703,762,287000,6,0.6193373532517854,722
evahajdu@peter.biz,47.566141607692145,19.03054549363547,470,264000,2,0.5130026038839863,387
cracz@hotmail.com,47.53601144212305,19.035463879325068,391,374000,2,0.5799182679233171,171
siposerzsebet@barta.biz,47.52361429351387,19.020602741965497,785,167000,0,0.59270686931655,908
okovacs@gmail.com,47.5252558104435,19.029825077199604,774,359000,2,0.6111202480535434,371
erzsebet99@yahoo.com,47.52261365119095,19.03013763123871,459,158000,1,0.5171386248192441,791
horvathtibor@hotmail.com,47.54869207963092,19.026852873966003,817,171000,2,0.5828526720990332,883
meszarosjizsef@tith.net,47.56612879841956,19.030250385196904,555,224000,6,0.5323244792392021,615
jmolnar@nagy.net,47.558257678644836,19.02147132804227,439,351000,2,0.4177628702758638,118
nagykatalin@orban.biz,47.55076838862307,19.018852579089653,551,315000,0,0.5985634934925483,657
horvathmartin@szabi.biz,47.55124775266393,19.031228152720278,763,387000,2,0.584750301944166,138
lukacsnikoletta@szekeres.hu,47.53738793717855,19.023757853821845,583,320000,1,0.6235443947879205,340
bgaspar@yahoo.com,47.530440891192946,19.0353329915782,605,200000,4,0.5839014535197073,872
anett77@yahoo.com,47.5614637644111,19.021925621086915,573,245000,1,0.64571721872522,1083
terezia08@hotmail.com,47.563057230110424,19.018449920090312,816,267000,1,0.37491406222946494,1003
laszli87@hotmail.com,47.56041391177616,19.0313412744023,629,220000,1,0.3937094940820656,705
laszlikovacs@sois.hu,47.5323853587931,19.021778589388795,719,305000,1,0.36418541179650343,432
gnemeth@szalai.hu,47.52143509961752,19.02026508589129,388,262000,6,0.4388661122898392,949
papannamaria@bogdan.com.hu,47.5279108108636,19.020642586730453,505,255000,6,0.5088816399700968,758
margit62@gmail.com,47.56395457013134,19.03222489789446,696,397000,3,0.6430035955316287,761
andrasnagy@gmail.com,47.53296607088859,19.03320102996603,496,175000,2,0.5793952396468919,555
farkasistvan@horvath.com,47.53050141505444,19.016837690691002,382,220000,2,0.529590070944449,1018
ildikiolah@katona.biz,47.516125065414556,19.037477518048405,429,322000,3,0.6171335919155976,237
daniel75@gmail.com,47.52541352339543,19.024008120864046,416,169000,1,0.5942195600876466,307
balazsszabolcs@balogh.info,47.54209473235585,19.024087134912023,367,381000,3,0.4408844002846257,610
agneskelemen@gmail.com,47.53942390426647,19.016468587848593,395,167000,5,0.47277734051122283,217
zbudai@varga.com,47.51701191281054,19.02545084096799,490,271000,6,0.5227103082275829,620
beatrix49@gmail.com,47.518806496968374,19.028363716396512,708,253000,5,0.5715688366017679,111
sandorkovacs@gmail.com,47.54961054855878,19.02602482694175,447,313000,2,0.39832556379996564,90
asimon@hotmail.com,47.555518901399374,19.03644270065174,350,262000,1,0.6194970616574709,242
erzsebet51@gmail.com,47.56295444015123,19.028946805342517,564,283000,2,0.5325720608742024,664
laszlivarga@varga.info,47.558613887450335,19.017994427455374,514,379000,4,0.4626625320433472,212
faragizsuzsanna@yahoo.com,47.56400394168013,19.023139882595753,809,281000,3,0.5832340147734265,908
rfarkas@kiss.net,47.56427887151736,19.029469645555096,579,228000,5,0.5613942791271057,365
jizsef46@gmail.com,47.5564744912394,19.03347477657802,652,243000,0,0.6453509387132239,482
ferenc28@molnar.hu,47.56591361927324,19.038104137239245,786,245000,6,0.45642490053598905,140
qtith@kocsis.biz,47.54086209568699,19.030238262322182,626,379000,1,0.6042357987351321,746
veronikahorvath@horvath.info,47.51805430648518,19.019989308709015,758,276000,0,0.3619283028647882,827
maria30@bogdan.hu,47.557533196947546,19.03406568438216,506,322000,4,0.5149657049184477,355
agnes16@hotmail.com,47.54469133807157,19.020137177890025,797,373000,6,0.3974747879177428,495
sarkoziadrienn@yahoo.com,47.53862112156702,19.02257755659333,474,174000,2,0.577037674964096,421
vassmargit@kovacs.net,47.536363672110696,19.02523359599343,844,370000,3,0.37458985163886654,1093
istvan49@sandor.biz,47.5236960506241,19.034481297409318,806,395000,2,0.5232182276006052,867
kissgabriella@nagy.com.hu,47.54137644951765,19.0308062929954,682,247000,4,0.516656387504072,755
vargaistvan@balazs.net,47.519994915572674,19.021597763072652,450,246000,1,0.500592716277665,491
gabriellavarga@szekely.org,47.55398054871255,19.021670533509408,504,390000,1,0.5294657112490199,808
hszucs@olah.net,47.54567377494138,19.029063174687398,353,283000,6,0.394717029942279,201
marialakatos@hotmail.com,47.54473217943397,19.030844987859783,562,399000,1,0.4616132941803324,958
xpataki@hotmail.com,47.52577733951735,19.02846122107326,666,349000,2,0.4534639563571536,133
balazs45@hotmail.com,47.546621977086,19.016647553747923,451,244000,2,0.4232386660294283,407
jakablaszli@nemeth.hu,47.55658752647564,19.029693308531645,836,311000,0,0.4940722695646465,341
kkovacs@szabi.com.hu,47.521413713020124,19.027719041406275,386,249000,0,0.41595823640908114,640
vszabi@yahoo.com,47.516044282360504,19.037177174352244,429,313000,1,0.5210015285604306,982
erzsebet88@gmail.com,47.52056117851968,19.024681543535994,554,350000,6,0.6083024601811877,578
balazsmolnar@varga.hu,47.563048741470254,19.02998346603112,558,207000,1,0.5382065956997019,1025
ferenc56@kovacs.org,47.536341513708855,19.03001636042528,739,173000,0,0.5147000467572478,199
mnagy@gmail.com,47.51922687538968,19.024156678483276,622,292000,2,0.5843672007386314,303
erzsebethalasz@molnar.com,47.524063708481485,19.02325198341818,835,259000,0,0.4995356207739338,658
kovacsbeatrix@gmail.com,47.521019428147504,19.02180985946092,652,228000,6,0.4139987698852582,281
zsuzsannanagy@gmail.com,47.53199977595736,19.032944706693492,497,300000,4,0.35738760997280483,385
ferenc86@vincze.biz,47.531528676524665,19.037747384571716,370,203000,0,0.4280403660950417,1045
ilona25@yahoo.com,47.52650876623754,19.032905781072557,671,180000,4,0.5202331241868468,480
ukovacs@kerekes.org,47.538353282300385,19.022720373349163,398,286000,5,0.6401263402301951,1010
jszabi@jinas.net,47.54924684229513,19.021621515278508,800,228000,4,0.5445689289041012,339
ffekete@hotmail.com,47.53285776335988,19.027080552038463,436,371000,1,0.6248740749200558,633
ukovacs@yahoo.com,47.55326807830346,19.02765418128882,738,171000,3,0.5905802812289351,482
kissdenes@hotmail.com,47.549570902006145,19.029610958842596,659,177000,4,0.6001175232680351,604
volah@hajdu.biz,47.54720860454264,19.016964032438874,700,225000,2,0.5887456827396225,504
agnesnagy@gmail.com,47.55627487576568,19.035682200676405,843,255000,6,0.36118962036971897,713
iren61@mate.org,47.53928769476037,19.028010517743354,457,252000,5,0.6068357074541116,89
nikoletta35@kiss.com,47.55265015138511,19.017935065963773,671,190000,1,0.5252728333636462,246
erzsebetszabi@yahoo.com,47.54619056358592,19.025412433582584,676,182000,0,0.43707201687078406,246
farkasiren@barta.hu,47.558161943630196,19.01825163942545,361,212000,0,0.5229405152813908,920
ebalog@nemeth.com,47.545465352481315,19.029049577671657,467,174000,3,0.6222904502764226,577
zoltanvincze@varga.com.hu,47.56103962081389,19.028739680925963,724,291000,0,0.6200832185248,885
rozalia53@balogh.hu,47.53945612922042,19.019804357823215,561,375000,4,0.6341219639187714,973
nandor12@szabi.info,47.55423582300178,19.02011399701759,478,370000,1,0.36154588727360143,752
boroseva@simon.org,47.51714191561016,19.020663872103235,388,189000,0,0.374572257843785,736
imre47@bognar.info,47.5449890681864,19.02512776789094,382,168000,5,0.3510295358720691,88
zsifiafarkas@hotmail.com,47.52236962319021,19.034509222392973,769,289000,0,0.3646034761427153,1096
orsolyaracz@gmail.com,47.55338074902078,19.02126406470277,758,158000,1,0.5493591133153104,249
mihalyfabian@kovacs.biz,47.53699808466449,19.020776878908137,493,157000,4,0.5468184347047593,617
bkiraly@yahoo.com,47.53139342854895,19.02484760022702,712,358000,2,0.36117019446878695,397
magyarlaszli@gmail.com,47.528263329971374,19.018755336685565,477,240000,0,0.6223978125949742,520
zszabi@hotmail.com,47.51981522871235,19.029349566114583,840,173000,4,0.6258184406709593,185
qhorvath@lakatos.info,47.51863384208681,19.02301946012755,744,370000,3,0.4947640059182029,817
gyongyivoros@nagy.hu,47.51685698416713,19.026879652598534,626,270000,1,0.5792253527609743,810
mbogdan@gmail.com,47.53714392327823,19.03674647860954,740,345000,1,0.5324797810154243,432
bernadett58@yahoo.com,47.548938893596485,19.01689796075357,493,285000,5,0.40995463916369285,698
hszucs@tith.biz,47.55392464800247,19.017198671921577,752,176000,1,0.47125489735594417,162
gdudas@balogh.org,47.54320827641484,19.019213478918132,478,399000,3,0.6450083149867153,1022
mariakiss@gal.com.hu,47.54012647378608,19.01883745202483,413,338000,5,0.4812803789054124,746
horvathanita@farkas.hu,47.516854199035244,19.02913767059704,803,358000,3,0.5148671836468073,667
annamaria72@hotmail.com,47.519828501735354,19.02655299362968,769,388000,4,0.45146083539901083,718
lillakovacs@szabi.biz,47.51802278365581,19.024926865943655,385,217000,2,0.631444611197211,754
laszliszabi@hotmail.com,47.52060432052802,19.02047838078303,636,324000,3,0.45690809737960075,574
jizsef24@hotmail.com,47.54816622581028,19.027464081393173,450,274000,6,0.4026857832692456,773
xgaspar@yahoo.com,47.55156230022918,19.036757451050033,812,225000,0,0.4371036907932307,528
gyorgy76@bognar.org,47.5332620985894,19.033666140997486,605,152000,1,0.3879345449729656,184
gergo83@nagy.hu,47.51928858956535,19.01686909261006,571,226000,5,0.5864399237094395,296
nagysandor@yahoo.com,47.55043135682192,19.02319403877534,800,248000,0,0.4316816906967105,540
juditkiss@gal.com.hu,47.518650735519294,19.026691439507843,384,204000,5,0.5337930719170305,178
torokildiki@gmail.com,47.56032088195419,19.027418234944008,578,385000,2,0.6159529127347113,952
tithandras@kovacs.net,47.55542826446031,19.030287664077832,651,319000,3,0.619236463999584,740
vorban@juhasz.biz,47.516474223801325,19.021485176384743,359,220000,6,0.42952011434981124,105
alexandra62@gmail.com,47.52718340084482,19.028949061460438,520,369000,6,0.5721958889583328,1027
timeatith@horvath.com.hu,47.557807915926674,19.02790409846375,689,304000,0,0.45927247740419785,1055
wbarna@gulyas.hu,47.540122958306476,19.030774559340745,730,274000,4,0.3546923790961202,575
emma07@horvath.com,47.528325930467425,19.03380960925763,528,327000,5,0.40112934819277757,186
kovacsorsolya@gmail.com,47.54251255025161,19.028191481175664,364,352000,5,0.5440307799599334,921
judittamas@yahoo.com,47.563836323429925,19.024299408887302,801,339000,4,0.5616768024778213,443
kissilona@yahoo.com,47.5651828896575,19.022747643128714,650,225000,6,0.5917962850196022,576
fszabi@molnar.org,47.53308260166111,19.022827191938287,791,349000,0,0.4639898489024643,377
nemethlajos@kovacs.net,47.52082786512798,19.022647675394843,531,200000,5,0.6455684477862031,960
katalinpal@gmail.com,47.543275187479225,19.036956973645253,385,275000,6,0.5964120279972098,955
ofazekas@varga.org,47.532987219607065,19.035770405428174,826,223000,5,0.4530856412610516,703
balazs07@katona.info,47.54915963269947,19.03810709029321,728,370000,0,0.6428781906321341,393
abalint@molnar.biz,47.518226171776625,19.03189027098756,600,239000,6,0.6401290696782072,566
gabor38@gmail.com,47.55990163785026,19.023219443407967,673,326000,5,0.4772448923030433,353
nikoletttorok@szabi.com.hu,47.56442751851788,19.036883153973914,728,201000,1,0.38727944760914734,1036
laszli26@gmail.com,47.54363133490623,19.034537171919087,763,399000,5,0.5757579411042243,168
istvan23@gmail.com,47.554539981687256,19.035311977700797,548,299000,6,0.359853138452474,433
maria75@nagy.biz,47.55170334305944,19.03186745443665,683,183000,0,0.5842775578726216,559
pvirag@csonka.hu,47.54936346423551,19.03811133440844,405,334000,0,0.4362062240691527,606
ferenc18@hotmail.com,47.5303561607316,19.032521083408234,789,282000,1,0.5986755816377993,471
mariakovacs@yahoo.com,47.55842433222882,19.037662739798936,565,151000,2,0.5686260304031292,849
emmasarkozi@gmail.com,47.539543218831575,19.036677404192414,372,389000,0,0.3817408741316523,963
anna91@nagy.com.hu,47.54314579912268,19.018341746601003,593,277000,1,0.43067882145380776,177
krisztina19@gmail.com,47.51580873185762,19.021398982851164,408,398000,3,0.5806733818609162,1022
norbert78@papp.org,47.536193735824895,19.01638265753751,437,304000,1,0.4601747886458981,370
dianakovacs@kiss.info,47.56409463171236,19.03596459703393,350,302000,2,0.6228381749613293,293
magdolnasimon@hotmail.com,47.5289493538762,19.02678611485016,832,375000,5,0.35996545002867764,240
barbaranagy@yahoo.com,47.55045499106777,19.018151674732422,683,257000,4,0.5182091562024229,384
rvaradi@virag.net,47.515345447492436,19.017136068480475,517,265000,6,0.4684508443649067,236
andrea42@nagy.info,47.54786724472759,19.03105004171816,449,186000,5,0.5299450627657972,1017
tithgabriella@olah.hu,47.522815546748035,19.036039497285564,607,151000,2,0.6354860839799188,344
attilakovacs@gmail.com,47.519458593486036,19.021055828941407,821,248000,2,0.4364764955654438,348
jeno08@yahoo.com,47.53330642647527,19.035737290685212,725,227000,5,0.46358814297423645,573
jeno57@hotmail.com,47.55365737458657,19.02446334362,799,299000,1,0.43366172544824433,886
hannanagy@szekely.hu,47.529799966717796,19.03700201661825,681,232000,5,0.5789088394915718,817
juliannabogdan@gmail.com,47.52695568272322,19.029401155110772,496,151000,6,0.3862038032100256,970
agnes30@takacs.hu,47.535570792073344,19.024318127604122,470,354000,1,0.357333960176169,195
rozalia55@yahoo.com,47.53433325157316,19.033768991966767,389,206000,5,0.4157321446979675,162
iren49@yahoo.com,47.53490309038223,19.024136564789266,451,302000,2,0.5521776321549943,889
baloghjizsef@pal.com,47.56030497170761,19.027185851862225,414,194000,1,0.5731435065141047,901
wdeak@kiss.com.hu,47.542674053958166,19.027541056140265,688,315000,4,0.4044522331306246,827
fazekasbela@hotmail.com,47.556563348304074,19.024483302044988,708,291000,4,0.45715421699183567,615
laszlitith@szabi.net,47.55361789694799,19.017199131620416,644,290000,2,0.49328084422236446,428
alexandrajuhasz@molnar.biz,47.5477591032611,19.021476579278733,689,247000,6,0.369652292362413,123
kornelkelemen@balint.info,47.550054890562805,19.01910100600527,409,355000,5,0.5561065800851142,407
bnemeth@hotmail.com,47.56016753076281,19.0256379074561,459,169000,2,0.5556053582134824,921
sandornagy@gmail.com,47.528587294282474,19.017253409676666,787,207000,4,0.48365742769436393,323
katalinorosz@illes.biz,47.53914780555615,19.023164343383975,637,155000,0,0.4758395017975221,338
katonamilan@kerekes.org,47.54667401121273,19.020582646269062,450,240000,3,0.6118759052379232,1052
richard06@hotmail.com,47.51702466524164,19.037231716733164,662,294000,5,0.4218681156326761,155
bernadettorban@kelemen.org,47.53784474447771,19.029764916452706,703,341000,1,0.48511270883530644,596
yszabi@kis.com,47.545778237748465,19.037672192449453,435,195000,6,0.6494038567919905,166
wkovacs@yahoo.com,47.52638592474853,19.016378388986205,546,238000,1,0.37328658320539804,823
nagyandrea@hotmail.com,47.53160031896283,19.019561763041906,468,224000,2,0.41794962732898927,854
shorvath@hotmail.com,47.55972570227437,19.02732000796272,440,288000,5,0.5602176610693059,295
gyorgy27@hajdu.biz,47.566121371519806,19.021324843450518,806,245000,6,0.42172203009685183,652
fkovacs@gmail.com,47.56102734831779,19.023718402041,381,179000,5,0.4604811729363481,276
eszabi@yahoo.com,47.55249468475146,19.020995608794454,437,299000,2,0.6372644253721227,712
istvanolah@szabi.net,47.53489416524141,19.018091529269462,674,262000,6,0.5048614668184312,802
meszarosnikolett@olah.info,47.53644707094151,19.03393630729977,590,203000,1,0.5611144365864466,419
gyulajuhasz@pinter.com.hu,47.554571526557176,19.017428811995,579,280000,6,0.44173309795694155,686
mgal@gmail.com,47.56560112319376,19.031239868927855,404,181000,4,0.3703128379364146,487
jizsefbogdan@hotmail.com,47.552718836695625,19.026234798402587,482,226000,5,0.47272758753048927,923
vargaeva@gmail.com,47.562524985463405,19.02186090052412,364,320000,1,0.4728561670492699,205
kelemengabor@hotmail.com,47.55529066487488,19.0310699876081,541,339000,3,0.4689332186609686,456
ztith@horvath.com,47.55622907937794,19.02563858618078,823,383000,6,0.45246736026864415,321
rmagyar@szabi.org,47.555515271445564,19.027860548184037,703,396000,2,0.47777881694816715,459
vbalazs@kozma.biz,47.56192710580349,19.02366852740336,728,168000,4,0.6177979889966966,499
xnagy@torok.info,47.55504530341049,19.02341448616938,769,337000,0,0.516441677940097,1081
anikinagy@molnar.info,47.55882658725647,19.036851234057362,739,346000,6,0.5693836518479118,149
melindaantal@yahoo.com,47.5355036752493,19.030371567163662,436,392000,5,0.5170585958901641,823
marianemeth@budai.biz,47.55991133181468,19.017548399457176,415,285000,6,0.42607302985393114,309
nagyaniki@kovacs.com.hu,47.52253973909683,19.018550627057238,717,268000,4,0.5688361464865677,459
istvanmolnar@kovacs.org,47.528610845347906,19.02455114472222,689,252000,2,0.46560073456063744,85
halaszmilan@gmail.com,47.518089085682185,19.023951481401422,458,368000,5,0.4826795308601506,976
hnemes@molnar.org,47.518568254220405,19.034896016832374,740,247000,3,0.5075013822664143,1062
baloghkaroly@lukacs.biz,47.549004565533934,19.03054016594259,784,180000,3,0.6369365386009239,125
vargagyongyi@hotmail.com,47.52388262261692,19.02964589781949,685,265000,2,0.4821043725109113,299
reka08@tith.com,47.56351556457362,19.034963982342685,614,308000,5,0.6429537610563012,984
xhorvath@takacs.com,47.55352467687479,19.0377518734785,482,356000,2,0.4371989327455079,657
racztunde@gmail.com,47.5240611609874,19.035438357202622,623,252000,3,0.4519640319641179,740
magyareva@hotmail.com,47.55369479318273,19.03704416762417,822,291000,2,0.45086151576696665,781
viragbognar@hotmail.com,47.56023017803715,19.020423632860485,657,302000,1,0.35703455063824924,1093
belaorsis@bakos.info,47.521407871967845,19.024390675036596,473,352000,4,0.4624586576825005,547
kristif08@yahoo.com,47.53766328038279,19.029579996028012,404,339000,1,0.5520454732614111,490
laszli84@horvath.info,47.54267529044952,19.036522401562166,361,399000,5,0.4759408698540466,859
lajos05@feher.biz,47.550824988394375,19.03754108261199,507,307000,1,0.6217882211234174,374
nbalogh@gmail.com,47.546590489973916,19.031010730156865,587,337000,0,0.3853525761593169,1087
erzsebet43@kozma.net,47.54132666005358,19.02540301089352,530,188000,4,0.58047361596015,697
vkovacs@kiss.hu,47.53421407058756,19.023313947501865,788,191000,4,0.5838831065104304,548
lukacslaszli@gmail.com,47.56336509222058,19.01684393373833,410,181000,0,0.579660640028323,710
adriennkovacs@yahoo.com,47.5348923474074,19.030489879530197,514,175000,0,0.45228689833023844,141
mszilagyi@molnar.com.hu,47.54658293682994,19.021336545423264,675,286000,5,0.41283032801353614,745
wkelemen@gmail.com,47.53993722139307,19.020444145172085,492,337000,2,0.502764932709498,337
kissbianka@gmail.com,47.52297537980914,19.034751284061414,738,350000,6,0.5728504795820502,189
nemethzoltan@gmail.com,47.51977988510923,19.021120540989696,717,209000,5,0.6074516447827419,475
sarkozipatrik@nagy.info,47.54632862507132,19.020741066725215,456,156000,0,0.35400612790800856,1043
gtith@gmail.com,47.54050401685095,19.023694705263274,619,208000,1,0.4064156292752663,703
ilona61@yahoo.com,47.53414944753021,19.037692028927832,517,211000,4,0.40075178031245945,311
zsoltbalog@nagy.com.hu,47.56208300000861,19.027006185272935,790,381000,6,0.431869738685315,328
oorban@hotmail.com,47.51500817013013,19.035304133767234,678,152000,5,0.5386152298392193,694
ribert12@gmail.com,47.56340386753122,19.03282922109122,528,253000,6,0.6196368769350789,878
imrehorvath@kovacs.info,47.53664229708557,19.02006587513997,352,366000,1,0.359710384624144,100
terezkovacs@yahoo.com,47.54893558374991,19.030316644407215,727,185000,0,0.5376009027894924,715
horvathildiki@szalai.com,47.519203020523044,19.020277277595316,482,249000,5,0.49049105641710533,177
ekovacs@hotmail.com,47.561811629587865,19.03028705335196,658,163000,0,0.5512123072342929,129
snagy@kovacs.hu,47.52778027181125,19.030811683197303,824,332000,2,0.37187768666101995,1069
hajnalkalukacs@horvath.info,47.544548603063774,19.021325110508073,674,193000,4,0.45741354465195705,895
clengyel@jakab.info,47.55420820415433,19.035869664425082,678,391000,2,0.4878774475765093,377
vargalevente@gmail.com,47.53256159934321,19.032845521817734,832,284000,6,0.6299590761431628,349
htith@yahoo.com,47.5516007152447,19.017016291555056,740,159000,1,0.5021816987342599,237
wfaragi@lakatos.biz,47.54135451661095,19.018148804291624,511,341000,1,0.5424076754787764,1048
peterhorvath@nagy.info,47.55878488950703,19.027132929934226,683,265000,0,0.46983173544371526,248
zsoltkozma@nagy.org,47.531810125972534,19.034014536654293,836,343000,2,0.49253677028241216,658
utith@laszli.hu,47.563772816933756,19.032910394243487,752,322000,6,0.5688321768409712,1093
jizsefszabi@gmail.com,47.53390495177099,19.025602496101712,497,355000,1,0.4851642490025415,619
zoltannagy@balog.com.hu,47.5159433830413,19.022573462938343,697,242000,3,0.6413941714254949,281
tithaniki@hotmail.com,47.53774493217854,19.017602744567018,833,333000,2,0.5335535864983327,1026
katalin72@farkas.net,47.52933030848206,19.038092830734303,627,298000,5,0.3539005626211943,964
vmolnar@hotmail.com,47.520274528232505,19.027039572821522,811,301000,3,0.5930230374578047,548
lauragaspar@molnar.net,47.53126480707904,19.02898651182898,444,349000,0,0.6343006154047159,893
lajos16@gmail.com,47.54086831274105,19.029073972560937,799,339000,0,0.4461148042746349,754
nszilagyi@pap.com,47.55416798860093,19.02913229747813,763,186000,6,0.5023062863337471,461
hegedusjudit@olah.hu,47.519431306548185,19.02988916781149,814,368000,0,0.40652175375222815,959
ferenc47@gmail.com,47.526835231403474,19.018054316690385,639,219000,5,0.44280831520240727,711
dianasimon@hotmail.com,47.55982662647185,19.02262179552524,763,293000,1,0.35768603537176297,769
xhorvath@hotmail.com,47.55273011401598,19.035149772824216,519,391000,4,0.4383082419991509,988
istvan68@racz.net,47.55311724447492,19.02216588462379,801,269000,1,0.5221970237760752,1016
karolytith@yahoo.com,47.52425962195867,19.021130109409384,658,356000,3,0.6018777260738746,667
jinaspeter@kiss.biz,47.53368713290887,19.023525239066526,764,400000,1,0.5618871533577876,487
adrian11@nemes.biz,47.54895741771312,19.033435901300454,357,378000,3,0.5545381373638806,685
erzsebetsipos@juhasz.hu,47.5310731043792,19.03443513081815,770,267000,3,0.559365294603062,737
janosbalogh@gmail.com,47.52396466656842,19.026615754694287,382,339000,3,0.6453907564524753,632
maria52@yahoo.com,47.537835432977,19.030847035690382,397,393000,4,0.5180565067336746,301
szucscsaba@gmail.com,47.56262924214825,19.0193398054434,471,274000,5,0.3573967994133506,946
istvan88@gmail.com,47.52655242724961,19.02406783983339,654,224000,1,0.5223356959207315,579
jnagy@gmail.com,47.54873045890197,19.023529867092297,367,179000,2,0.5325213710876375,331
katalinjuhasz@szabi.org,47.53996190470795,19.037887914400823,759,186000,1,0.5857416730611507,730
alexandra80@yahoo.com,47.527790686044845,19.03723895243025,633,164000,5,0.5928325856147554,296
miklis80@meszaros.biz,47.5321023327035,19.03513109523769,646,341000,1,0.4313337154863618,278
borbelymark@tith.com,47.52739642034749,19.03773123897812,772,157000,1,0.4882728060574413,947
mjuhasz@hotmail.com,47.55548246050582,19.022183646397302,640,395000,1,0.41826289728558586,923
hajnalkatith@hotmail.com,47.51609041443827,19.021793950354215,710,351000,1,0.4200538790461328,915
sveres@hotmail.com,47.5324770485297,19.022446842921667,577,383000,2,0.38650593793007104,693
emil19@gmail.com,47.524736336492275,19.032666461384668,471,311000,1,0.6273983824915188,101
feherkristif@fazekas.info,47.51719263118707,19.019401130409463,603,252000,4,0.5800190453992873,574
laszlitith@yahoo.com,47.56568118634529,19.034538087370144,666,203000,6,0.5745343284393569,1005
torokrita@dudas.net,47.531072771545126,19.028814509393523,708,257000,6,0.5695868614259991,121
fannimolnar@gmail.com,47.531381060857896,19.01937029250821,753,343000,1,0.555283131445611,908
mark58@hotmail.com,47.54035149419925,19.02868568719475,736,242000,1,0.6237610522605312,1001
novakarpad@yahoo.com,47.51651477462243,19.027898354527334,549,275000,4,0.6034776885535205,584
laszli48@gaspar.info,47.53328292502448,19.024053027968748,715,244000,4,0.44340713031763757,288
kovacstibor@tith.hu,47.518093132157595,19.02705390670864,763,172000,5,0.46416526156156496,624
lkatona@balazs.info,47.52526984299239,19.02965396321005,411,236000,2,0.41436135472916125,148
gergo23@szabi.info,47.52692163623281,19.028443793906177,593,220000,1,0.38589017404210674,106
tundekovacs@szekely.com.hu,47.539848554137045,19.034394833754362,362,186000,3,0.5786729149643417,674
